n,f,grinding,k*(2^-40),k*(2^-64),k*(2^-80),k*(2^-100),k*(2^-128),k_det = a+1,quorum ⌊2n/3⌋+1
100,0.2,r = 0 (локальна випадковість),17,21,21,21,21,21.0,67.0
100,0.2,r = 2^10 (RANDAO),19,21,21,21,21,21.0,67.0
100,0.2,r = 2^64 (Фіат–Шамір),21,21,21,21,21,21.0,67.0
100,0.25,r = 0 (локальна випадковість),21,26,26,26,26,26.0,67.0
100,0.25,r = 2^10 (RANDAO),23,26,26,26,26,26.0,67.0
100,0.25,r = 2^64 (Фіат–Шамір),26,26,26,26,26,26.0,67.0
100,0.3,r = 0 (локальна випадковість),24,31,31,31,31,31.0,67.0
100,0.3,r = 2^10 (RANDAO),28,31,31,31,31,31.0,67.0
100,0.3,r = 2^64 (Фіат–Шамір),31,31,31,31,31,31.0,67.0
100,0.3333,r = 0 (локальна випадковість),27,34,34,34,34,34.0,67.0
100,0.3333,r = 2^10 (RANDAO),30,34,34,34,34,34.0,67.0
100,0.3333,r = 2^64 (Фіат–Шамір),34,34,34,34,34,34.0,67.0
1000,0.2,r = 0 (локальна випадковість),23,35,44,54,67,201.0,667.0
1000,0.2,r = 2^10 (RANDAO),28,41,49,58,71,201.0,667.0
1000,0.2,r = 2^64 (Фіат–Шамір),55,67,74,83,95,201.0,667.0
1000,0.25,r = 0 (локальна випадковість),28,43,53,65,81,251.0,667.0
1000,0.25,r = 2^10 (RANDAO),34,49,59,71,87,251.0,667.0
1000,0.25,r = 2^64 (Фіат–Шамір),68,81,90,101,115,251.0,667.0
1000,0.3,r = 0 (локальна випадковість),34,53,65,79,99,301.0,667.0
1000,0.3,r = 2^10 (RANDAO),42,60,72,86,105,301.0,667.0
1000,0.3,r = 2^64 (Фіат–Шамір),82,99,109,122,139,301.0,667.0
1000,0.3333,r = 0 (локальна випадковість),39,60,74,90,112,334.0,667.0
1000,0.3333,r = 2^10 (RANDAO),48,69,82,98,120,334.0,667.0
1000,0.3333,r = 2^64 (Фіат–Шамір),93,112,124,138,157,334.0,667.0
10000,0.2,r = 0 (локальна випадковість),23,37,46,58,73,2001.0,6667.0
10000,0.2,r = 2^10 (RANDAO),29,43,52,63,79,2001.0,6667.0
10000,0.2,r = 2^64 (Фіат–Шамір),60,73,82,94,109,2001.0,6667.0
10000,0.25,r = 0 (локальна випадковість),29,45,57,71,90,2501.0,6667.0
10000,0.25,r = 2^10 (RANDAO),36,52,64,77,97,2501.0,6667.0
10000,0.25,r = 2^64 (Фіат–Шамір),73,90,101,115,134,2501.0,6667.0
10000,0.3,r = 0 (локальна випадковість),35,56,69,86,110,3001.0,6667.0
10000,0.3,r = 2^10 (RANDAO),44,64,78,95,119,3001.0,6667.0
10000,0.3,r = 2^64 (Фіат–Шамір),90,110,124,141,164,3001.0,6667.0
10000,0.3333,r = 0 (локальна випадковість),40,64,80,99,127,3334.0,6667.0
10000,0.3333,r = 2^10 (RANDAO),50,74,90,109,136,3334.0,6667.0
10000,0.3333,r = 2^64 (Фіат–Шамір),103,127,142,162,189,3334.0,6667.0
∞ (з поверненням),0.2,r = 0 (локальна випадковість),24,37,47,58,74,,
∞ (з поверненням),0.2,r = 2^10 (RANDAO),29,43,52,64,80,,
∞ (з поверненням),0.2,r = 2^64 (Фіат–Шамір),60,74,83,95,111,,
∞ (з поверненням),0.25,r = 0 (локальна випадковість),29,46,57,71,91,,
∞ (з поверненням),0.25,r = 2^10 (RANDAO),36,53,64,78,98,,
∞ (з поверненням),0.25,r = 2^64 (Фіат–Шамір),74,91,102,116,136,,
∞ (з поверненням),0.3,r = 0 (локальна випадковість),35,56,70,87,112,,
∞ (з поверненням),0.3,r = 2^10 (RANDAO),44,65,79,96,120,,
∞ (з поверненням),0.3,r = 2^64 (Фіат–Шамір),91,112,125,143,167,,
∞ (з поверненням),0.3333,r = 0 (локальна випадковість),40,64,80,100,128,,
∞ (з поверненням),0.3333,r = 2^10 (RANDAO),51,75,91,111,139,,
∞ (з поверненням),0.3333,r = 2^64 (Фіат–Шамір),104,128,144,164,192,,
