distribution,adversary,n_adv,n_min_quorum_S1prime,A,H,W-noRepl k*(2^-40),W-noRepl k*(2^-80),Uniform k*(2^-40),Uniform k*(2^-80),W-repl k*(2^-40),W-repl k*(2^-80)
рівні (n=100),top,33,67.0,0.33,0.34,27.0,34.0,27.0,34.0,40,79
рівні (n=100),bottom,33,67.0,0.33,0.34,27.0,34.0,27.0,34.0,40,79
рівні (n=100),random (медіана 15),33,,,,27.0,34.0,27.0,34.0,40,80
"NEAR, знімок RPC (n=100)",top,8,23.0,0.3331,0.334,9.0,9.0,9.0,9.0,40,80
"NEAR, знімок RPC (n=100)",bottom,77,23.0,0.333,0.3341,32.0,52.0,78.0,78.0,40,80
"NEAR, знімок RPC (n=100)",random (медіана 15),36,,,,23.0,34.0,37.0,37.0,40,80
"Ципф α=0,5 (n=100)",top,14,48.0,0.3311,0.3372,15.0,15.0,15.0,15.0,40,79
"Ципф α=0,5 (n=100)",bottom,52,48.0,0.3293,0.3389,31.0,48.0,50.0,53.0,40,79
"Ципф α=0,5 (n=100)",random (медіана 15),33,,,,26.0,34.0,32.0,34.0,40,80
"Ципф α=1,0 (n=100)",top,4,18.0,0.3332,0.3336,5.0,5.0,5.0,5.0,40,80
"Ципф α=1,0 (n=100)",bottom,82,18.0,0.3262,0.3534,32.0,54.0,83.0,83.0,38,76
"Ципф α=1,0 (n=100)",random (медіана 15),44,,,,25.0,38.0,45.0,45.0,40,80
"Парето ξ=1,2 (n=100)",top,4,22.0,0.3333,0.3334,5.0,5.0,5.0,5.0,40,80
"Парето ξ=1,2 (n=100)",bottom,78,22.0,0.3322,0.3412,33.0,55.0,79.0,79.0,40,79
"Парето ξ=1,2 (n=100)",random (медіана 15),40,,,,25.0,38.0,41.0,41.0,40,80
"Парето ξ=2,0 (n=100)",top,13,46.0,0.3333,0.3334,14.0,14.0,14.0,14.0,40,80
"Парето ξ=2,0 (n=100)",bottom,54,46.0,0.3318,0.335,31.0,49.0,53.0,55.0,40,80
"Парето ξ=2,0 (n=100)",random (медіана 15),33,,,,25.0,34.0,32.0,34.0,40,80
"Ципф α=1,0 (n=1000)",top,8,83.0,0.3333,0.3333,9.0,9.0,9.0,9.0,40,80
"Ципф α=1,0 (n=1000)",bottom,917,83.0,0.3318,0.3352,39.0,76.0,904.0,918.0,40,80
"Ципф α=1,0 (n=1000)",random (медіана 15),417,,,,33.0,58.0,396.0,418.0,40,80
"Парето ξ=1,2 (n=1000)",top,13,166.0,0.3333,0.3334,14.0,14.0,10.0,14.0,40,80
"Парето ξ=1,2 (n=1000)",bottom,834,166.0,0.3333,0.3335,40.0,77.0,742.0,829.0,40,80
"Парето ξ=1,2 (n=1000)",random (медіана 15),396,,,,35.0,64.0,286.0,371.0,40,80
