strategy,signatures,bytes,Mcycles,security_bits,evm_gas,note
S1 повна перевірка кворуму,67,12013,18.43,128.0,589200 (G_ed=2000),окремі перевірки
S1 (пакетна перевірка),67,12013,9.09,128.0,,"батч 64, Bernstein et al."
"S4 штатний легкий клієнт NEAR (Borsh, модель)",71,12493,19.52,128.0,,JSON RPC виміряно: 26583 Б
S1′ мінімальний за стейком кворум (NEAR),34,10088,9.41,128.0,,перевірка 34 найбільших наявних підписів
S2 рекурсивний доказ (номінал),0,180184,21.15,100.0,246082 … 963720,"4,5 мс × 4,7 ГГц; 180 112 Б"
S2 рекурсивний доказ (діапазон),0,180184,18.8,100.0,,такти 18.8–24.0 млн; байти 180184–180184
"S3 вибірка, ε=2^-40, NEAR-стейки (Меркл-зобов.)",32,11133,8.96,40.0,524864 (G_ed=2000),k*=32 (рівні стейки: 27)
"S3 вибірка, ε=2^-40, поточний NEAR (плоский хеш)",32,9867,8.86,40.0,,k*=32
"S3 вибірка, ε=2^-64, NEAR-стейки (Меркл-зобов.)",45,15514,12.6,64.0,699584 (G_ed=2000),k*=45 (рівні стейки: 34)
"S3 вибірка, ε=2^-64, поточний NEAR (плоский хеш)",45,10712,12.41,64.0,,k*=45
"S3 вибірка, ε=2^-80, NEAR-стейки (Меркл-зобов.)",52,17873,14.56,80.0,793664 (G_ed=2000),k*=52 (рівні стейки: 34)
"S3 вибірка, ε=2^-80, поточний NEAR (плоский хеш)",52,11167,14.33,80.0,,k*=52
"S3 вибірка, ε=2^-100, NEAR-стейки (Меркл-зобов.)",60,20569,16.81,100.0,901184 (G_ed=2000),k*=60 (рівні стейки: 34)
"S3 вибірка, ε=2^-100, поточний NEAR (плоский хеш)",60,11687,16.51,100.0,,k*=60
