n,eps,k_star,S2_variant,S2_gas,S3_gas_at_G0,G_ed_breakeven
100,2^-40,30,Groth16 (A3),246082,495984,0
100,2^-40,30,UltraPLONK (Bhatt et al.),963720,495984,21921
100,2^-80,34,Groth16 (A3),246082,549744,0
100,2^-80,34,UltraPLONK (Bhatt et al.),963720,549744,18763
100,2^-128,34,Groth16 (A3),246082,549744,0
100,2^-128,34,UltraPLONK (Bhatt et al.),963720,549744,18763
1000,2^-40,48,Groth16 (A3),246082,925678,0
1000,2^-40,48,UltraPLONK (Bhatt et al.),963720,925678,10072
1000,2^-80,82,Groth16 (A3),246082,1513198,0
1000,2^-80,82,UltraPLONK (Bhatt et al.),963720,1513198,0
1000,2^-128,120,Groth16 (A3),246082,2169838,0
1000,2^-128,120,UltraPLONK (Bhatt et al.),963720,2169838,0
10000,2^-40,50,Groth16 (A3),246082,1246560,0
10000,2^-40,50,UltraPLONK (Bhatt et al.),963720,1246560,0
10000,2^-80,90,Groth16 (A3),246082,2142560,0
10000,2^-80,90,UltraPLONK (Bhatt et al.),963720,2142560,0
10000,2^-128,136,Groth16 (A3),246082,3172960,0
10000,2^-128,136,UltraPLONK (Bhatt et al.),963720,3172960,0
100000,2^-40,50,Groth16 (A3),246082,1892400,0
100000,2^-40,50,UltraPLONK (Bhatt et al.),963720,1892400,0
100000,2^-80,90,Groth16 (A3),246082,2942000,0
100000,2^-80,90,UltraPLONK (Bhatt et al.),963720,2942000,0
100000,2^-128,138,Groth16 (A3),246082,4201520,0
100000,2^-128,138,UltraPLONK (Bhatt et al.),963720,4201520,0
