n,design_eps,k,f_true,bits_S3,bits_S1,bits_S2
100,2^-40,27,0.3,49.844850399137975,128.0,100.0
100,2^-40,27,0.333,41.753150565001135,128.0,100.0
100,2^-40,27,0.4,28.345810368428225,128.0,100.0
100,2^-40,27,0.45,21.190024831721033,128.0,100.0
100,2^-40,27,0.5,15.213512095179382,128.0,100.0
100,2^-40,27,0.55,10.06798019767345,128.0,100.0
100,2^-40,27,0.6,5.543682641834593,128.0,100.0
100,2^-40,27,0.65,1.5031529960666745,128.0,100.0
100,2^-80,34,0.3,inf,128.0,100.0
100,2^-80,34,0.333,inf,128.0,100.0
100,2^-80,34,0.4,41.753150565001164,128.0,100.0
100,2^-80,34,0.45,30.38437130495977,128.0,100.0
100,2^-80,34,0.5,21.46233969914247,128.0,100.0
100,2^-80,34,0.55,14.04486784258085,128.0,100.0
100,2^-80,34,0.6,7.669360249591847,128.0,100.0
100,2^-80,34,0.65,2.0660891904578236,128.0,100.0
1000,2^-40,39,0.3,47.048229534569714,128.0,100.0
1000,2^-40,39,0.333,40.79163607202054,128.0,100.0
1000,2^-40,39,0.4,29.897988729198488,128.0,100.0
1000,2^-40,39,0.45,22.954637936873752,128.0,100.0
1000,2^-40,39,0.5,16.775240920099293,128.0,100.0
1000,2^-40,39,0.55,11.208150695431925,128.0,100.0
1000,2^-40,39,0.6,6.142841712477747,128.0,100.0
1000,2^-40,39,0.65,1.4962621945834655,128.0,100.0
1000,2^-80,74,0.3,93.43484432121713,128.0,100.0
1000,2^-80,74,0.333,80.76336299888294,128.0,100.0
1000,2^-80,74,0.4,58.91960118703804,128.0,100.0
1000,2^-80,74,0.45,45.11852320362789,128.0,100.0
1000,2^-80,74,0.5,32.902854930903914,128.0,100.0
1000,2^-80,74,0.55,21.944954277719603,128.0,100.0
1000,2^-80,74,0.6,12.009447018965716,128.0,100.0
1000,2^-80,74,0.65,2.9214936043987905,128.0,100.0
∞,2^-40,40,0.3,46.080123737802,128.0,100.0
∞,2^-40,40,0.333,40.0,128.0,100.0
∞,2^-40,40,0.4,29.47862376664824,128.0,100.0
∞,2^-40,40,0.45,22.681623708955748,128.0,100.0
∞,2^-40,40,0.5,16.601499971153753,128.0,100.0
∞,2^-40,40,0.55,11.101359021156352,128.0,100.0
∞,2^-40,40,0.6,6.080123737802005,128.0,100.0
∞,2^-40,40,0.65,1.461035041004555,128.0,100.0
∞,2^-80,80,0.3,92.160247475604,128.0,100.0
∞,2^-80,80,0.333,80.0,128.0,100.0
∞,2^-80,80,0.4,58.95724753329648,128.0,100.0
∞,2^-80,80,0.45,45.363247417911495,128.0,100.0
∞,2^-80,80,0.5,33.20299994230751,128.0,100.0
∞,2^-80,80,0.55,22.202718042312704,128.0,100.0
∞,2^-80,80,0.6,12.16024747560401,128.0,100.0
∞,2^-80,80,0.65,2.92207008200911,128.0,100.0
